Workbook

Sheet  Product Codes Split
A5: Product Code | B5: Category | C5: Product Number | D5: Country Code
A6: ELEC-1023-US | B6: =LEFT(' Product Codes Split'!$A6,FIND("-",' Product Codes Split'!$A6) -1) -> ELEC | C6: =MID(' Product Codes Split'!$A6,FIND("-",' Product Codes Split'!$A6)+1,FIND("-",' Product Codes Split'!$A6,FIND("-",' Product Codes Split'!$A6)+1) - FIND("-",' Product Codes Split'!$A6)-1) -> 1023 | D6: =RIGHT(TRIM(' Product Codes Split'!$A6),2) -> US
A7: FASH-2045-UK | B7: =LEFT(' Product Codes Split'!$A7,FIND("-",' Product Codes Split'!$A7) -1) -> FASH | C7: =MID(' Product Codes Split'!$A7,FIND("-",' Product Codes Split'!$A7)+1,FIND("-",' Product Codes Split'!$A7,FIND("-",' Product Codes Split'!$A7)+1) - FIND("-",' Product Codes Split'!$A7)-1) -> 2045 | D7: =RIGHT(TRIM(' Product Codes Split'!$A7),2) -> UK
A8: TOYS-3098-IN | B8: =LEFT(' Product Codes Split'!$A8,FIND("-",' Product Codes Split'!$A8) -1) -> TOYS | C8: =MID(' Product Codes Split'!$A8,FIND("-",' Product Codes Split'!$A8)+1,FIND("-",' Product Codes Split'!$A8,FIND("-",' Product Codes Split'!$A8)+1) - FIND("-",' Product Codes Split'!$A8)-1) -> 3098 | D8: =RIGHT(TRIM(' Product Codes Split'!$A8),2) -> IN
A9: FOOD-4512-AU | B9: =LEFT(' Product Codes Split'!$A9,FIND("-",' Product Codes Split'!$A9) -1) -> FOOD | C9: =MID(' Product Codes Split'!$A9,FIND("-",' Product Codes Split'!$A9)+1,FIND("-",' Product Codes Split'!$A9,FIND("-",' Product Codes Split'!$A9)+1) - FIND("-",' Product Codes Split'!$A9)-1) -> 4512 | D9: =RIGHT(TRIM(' Product Codes Split'!$A9),2) -> AU
A10: HOME-5679-US | B10: =LEFT(' Product Codes Split'!$A10,FIND("-",' Product Codes Split'!$A10) -1) -> HOME | C10: =MID(' Product Codes Split'!$A10,FIND("-",' Product Codes Split'!$A10)+1,FIND("-",' Product Codes Split'!$A10,FIND("-",' Product Codes Split'!$A10)+1) - FIND("-",' Product Codes Split'!$A10)-1) -> 5679 | D10: =RIGHT(TRIM(' Product Codes Split'!$A10),2) -> US

Sheet Customer Names Formatting
A5: Customer Name | B5: Clean Name | C5: Upper Case | D5: Proper Case
A6: john DOE | B6: =TRIM('Customer Names Formatting'!$A6) -> john DOE | C6: =TRIM(UPPER('Customer Names Formatting'!$A6)) -> JOHN DOE | D6: =PROPER(TRIM('Customer Names Formatting'!$A6)) -> John Doe
A7: mary jane | B7: =TRIM('Customer Names Formatting'!$A7) -> mary jane | C7: =TRIM(UPPER('Customer Names Formatting'!$A7)) -> MARY JANE | D7: =PROPER(TRIM('Customer Names Formatting'!$A7)) -> Mary Jane
A8: robert smith | B8: =TRIM('Customer Names Formatting'!$A8) -> robert smith | C8: =TRIM(UPPER('Customer Names Formatting'!$A8)) -> ROBERT SMITH | D8: =PROPER(TRIM('Customer Names Formatting'!$A8)) -> Robert Smith
A9: lisa Ann | B9: =TRIM('Customer Names Formatting'!$A9) -> lisa Ann | C9: =TRIM(UPPER('Customer Names Formatting'!$A9)) -> LISA ANN | D9: =PROPER(TRIM('Customer Names Formatting'!$A9)) -> Lisa Ann
A10: david BROWN | B10: =TRIM('Customer Names Formatting'!$A10) -> david BROWN | C10: =TRIM(UPPER('Customer Names Formatting'!$A10)) -> DAVID BROWN | D10: =PROPER(TRIM('Customer Names Formatting'!$A10)) -> David Brown

Sheet Website URL Split
A5: URL | B5: Domain Name | C5: Extension
A6: https://www.google.com
A7: https://www.amazon.in
A8: http://www.example.org
A9: https://www.wikipedia.org
A10: http://www.company.co.uk

Sheet Invoice IDs
A5: Invoice ID | B5: Prefix | C5: Number | D5: Suffix
A6: INV-202301-US | B6: =LEFT('Invoice IDs'!$A6,3) -> INV | C6: =MID('Invoice IDs'!$A6,5,6) -> 202301 | D6: =RIGHT('Invoice IDs'!$A6,2) -> US
A7: INV-202302-UK | B7: =LEFT('Invoice IDs'!$A7,3) -> INV | C7: =MID('Invoice IDs'!$A7,5,6) -> 202302 | D7: =RIGHT('Invoice IDs'!$A7,2) -> UK
A8: INV-202303-IN | B8: =LEFT('Invoice IDs'!$A8,3) -> INV | C8: =MID('Invoice IDs'!$A8,5,6) -> 202303 | D8: =RIGHT('Invoice IDs'!$A8,2) -> IN
A9: INV-202304-AU | B9: =LEFT('Invoice IDs'!$A9,3) -> INV | C9: =MID('Invoice IDs'!$A9,5,6) -> 202304 | D9: =RIGHT('Invoice IDs'!$A9,2) -> AU
A10: INV-202305-US | B10: =LEFT('Invoice IDs'!$A10,3) -> INV | C10: =MID('Invoice IDs'!$A10,5,6) -> 202305 | D10: =RIGHT('Invoice IDs'!$A10,2) -> US

Sheet  Phone Numbers Clean-up
A5: Raw Phone | B5: Clean Phone | C5: Country Code | D5: Number
A6: +1 987-654-3210 | B6: =SUBSTITUTE(SUBSTITUTE(TRIM(' Phone Numbers Clean-up'!$A6)," ",""),"-","") -> +19876543210 | C6: =LEFT(A6,FIND(" ",A6)-1) -> +1 | D6: =SUBSTITUTE(MID(' Phone Numbers Clean-up'!$A6,FIND(" ",' Phone Numbers Clean-up'!$A6)+1,LEN(' Phone Numbers Clean-up'!$A6)),"-","") -> 9876543210
A7: +44 123-456-7890 | B7: =SUBSTITUTE(SUBSTITUTE(TRIM(' Phone Numbers Clean-up'!$A7)," ",""),"-","") -> +441234567890 | C7: =LEFT(A7,FIND(" ",A7)-1) -> +44 | D7: =SUBSTITUTE(MID(' Phone Numbers Clean-up'!$A7,FIND(" ",' Phone Numbers Clean-up'!$A7)+1,LEN(' Phone Numbers Clean-up'!$A7)),"-","") -> 1234567890
A8: +91 98765-43210 | B8: =SUBSTITUTE(SUBSTITUTE(TRIM(' Phone Numbers Clean-up'!$A8)," ",""),"-","") -> +919876543210 | C8: =LEFT(A8,FIND(" ",A8)-1) -> +91 | D8: =SUBSTITUTE(MID(' Phone Numbers Clean-up'!$A8,FIND(" ",' Phone Numbers Clean-up'!$A8)+1,LEN(' Phone Numbers Clean-up'!$A8)),"-","") -> 9876543210
A9: +61 412-345-678 | B9: =SUBSTITUTE(SUBSTITUTE(TRIM(' Phone Numbers Clean-up'!$A9)," ",""),"-","") -> +61412345678 | C9: =LEFT(A9,FIND(" ",A9)-1) -> +61 | D9: =SUBSTITUTE(MID(' Phone Numbers Clean-up'!$A9,FIND(" ",' Phone Numbers Clean-up'!$A9)+1,LEN(' Phone Numbers Clean-up'!$A9)),"-","") -> 412345678
A10: +49 151-234-5678 | B10: =SUBSTITUTE(SUBSTITUTE(TRIM(' Phone Numbers Clean-up'!$A10)," ",""),"-","") -> +491512345678 | C10: =LEFT(A10,FIND(" ",A10)-1) -> +49 | D10: =SUBSTITUTE(MID(' Phone Numbers Clean-up'!$A10,FIND(" ",' Phone Numbers Clean-up'!$A10)+1,LEN(' Phone Numbers Clean-up'!$A10)),"-","") -> 1512345678
